<?xml version="1.0" encoding="UTF-8"?>
<project-private xmlns="http://www.netbeans.org/ns/project-private/1">
    <editor-bookmarks xmlns="http://www.netbeans.org/ns/editor-bookmarks/2" lastBookmarkId="0"/>
    <open-files xmlns="http://www.netbeans.org/ns/projectui-open-files/2">
        <group>
            <file>file:/home/paulo/Dropbox/NetBeansProjects/WebSockets-BatalhaNaval/src/java/websockets/BattleshipServer.java</file>
            <file>file:/home/paulo/Dropbox/NetBeansProjects/WebSockets-BatalhaNaval/src/java/model/Point.java</file>
            <file>file:/home/paulo/Dropbox/NetBeansProjects/WebSockets-BatalhaNaval/src/java/model/State.java</file>
            <file>file:/home/paulo/Dropbox/NetBeansProjects/WebSockets-BatalhaNaval/src/java/model/Ship.java</file>
            <file>file:/home/paulo/Dropbox/NetBeansProjects/WebSockets-BatalhaNaval/src/java/model/Grid.java</file>
            <file>file:/home/paulo/Dropbox/NetBeansProjects/WebSockets-BatalhaNaval/web/index.js</file>
        </group>
    </open-files>
</project-private>
