<?xml version="1.0" encoding="utf-8" ?>
<SuiteList>
	<Suite>
		<SuiteID>1001</SuiteID>
		<Name>Ponderosa</Name>
		<Size>2</Size>
		<Price>50</Price>
		<WeeksFree>10</WeeksFree>
	</Suite>
	<Suite>
		<ProductID>1002</ProductID>
		<Name>Colenso</Name>
		<Size>2</Size>
		<Price>30</Price>
		<WeeksFree>10</WeeksFree>
	</Suite>
	<Suite>
		<ProductID>1003</ProductID>
		<Name>Dunroamin</Name>
		<Size>2</Size>
		<Price>60.00</Price>
		<WeeksFree>10</WeeksFree>
	</Suite>
	<Suite>
		<ProductID>1003</ProductID>
		<Name>Family</Name>
		<Size>6</Size>
		<Price>90.00</Price>
		<WeeksFree>10</WeeksFree>
	</Suite>
</SuiteList>