<?xml version="1.0"?>

<!DOCTYPE facelet-taglib PUBLIC
    "-//Sun Microsystems, Inc.//DTD Facelet Taglib 1.0//EN"
    "http://java.sun.com/dtd/facelet-taglib_1_0.dtd">

<facelet-taglib>
  <namespace>http://corejsf/facelets</namespace>

  <tag>
    <tag-name>planet</tag-name>
    <source>tags/corejsf/planet.xhtml</source>
  </tag>
  
  <function>
    <function-name>showSource</function-name>
    <function-class>com.corejsf.ELFunctions</function-class>
    <function-signature>
      void showSource(javax.faces.context.FacesContext,java.lang.String)
    </function-signature>
  </function>
    
</facelet-taglib>